{"cameraMode":{"drawMode":0,"name":"Shaded","section":"Shading Mode"},"sceneLighting":false,"audioPlay":false,"sceneViewState":{"m_AlwaysRefresh":false,"showFog":true,"showSkybox":false,"showFlares":true,"showImageEffects":true,"showParticleSystems":true,"showVisualEffectGraphs":true,"m_FxEnabled":true},"in2DMode":false,"pivot":{"x":0.0914480984210968,"y":1.1043577194213868,"z":2.5799999237060549},"rotation":{"x":-0.06880025565624237,"y":0.2140899896621704,"z":-0.015118525363504887,"w":-0.9742729067802429},"size":0.11023631691932678,"orthographic":false}